,Identifiant,Capacite,Vehicules_max,Demande,entrepot,client 1,client 2,client 3,client 4
0,4ff2e07f-7a32-49d5-8ea8-c125d2c06ab5,5000,10,0,0.0,20.396078054371138,35.22782990761707,25.059928172283335,10.63014581273465
1,7ed52b41-07b3-4641-b458-06eb02e9b501,5000,10,20,20.396078054371138,0.0,15.0,8.246211251235321,12.36931687685298
2,6f0ea5d1-77a6-4250-97d1-a68e3957615a,5000,10,30,35.22782990761707,15.0,0.0,15.264337522473747,27.16615541441225
3,da84a4df-c25d-40c5-8f4d-a3dc5f7786db,5000,10,12,25.059928172283335,8.246211251235321,15.264337522473747,0.0,14.866068747318506
4,5f4fb809-5a3b-49c4-b11f-b9393e15d81c,5000,10,13,10.63014581273465,12.36931687685298,27.16615541441225,14.866068747318506,0.0
