,Identifiant,Capacite,Vehicules_max,Demande,entrepot,client 1
0,980d12cb-0da8-4923-809d-fdb6eb02d9d2,4000,15,0,0.0,180.0499930574839
1,245a2c9b-424f-42f1-962c-63aaf7ab22fd,4000,15,25,180.0499930574839,0.0
