,Identifiant,Capacite,Vehicules_max,Demande,entrepot,client 1,client 2
0,adc0d87a-f196-4d28-bef1-e9bab94403cf,4000,20,0,0.0,105.94810050208545,99.68951800465283
1,b017ffe0-cc37-4c70-b70b-0350a3dfcf54,4000,20,15,105.94810050208545,0.0,12.36931687685298
2,873f329e-0d32-4c05-869c-409a2da15358,4000,20,23,99.68951800465283,12.36931687685298,0.0
